customer_id,first_name,last_name,email,state,created_at
101,John,Smith,john.smith@email.com,TX,2025-01-04
102,Maya,Lee,maya.lee@email.com,California,2025-01-06
103,Aisha,Khan,aisha.khan@email.com,tx,2025-01-08
104,Daniel,Garcia,daniel.garcia@email.com,CA,2025-01-10
105,Emily,Chen,emily.chen@email.com,Texas,2025-01-12
106,Robert,Wilson,,NY,2025-01-15
107,Sophia,Martinez,sophia.martinez@email.com,ny,2025-01-18
108,Liam,Brown,liam.brown@email.com,New York,2025-01-20
109,Olivia,Davis,olivia.davis@email.com,TX,2025-01-22
110,Noah,Johnson,noah.johnson@email.com,CA,2025-01-25