payment_id,order_id,payment_method,payment_status,amount,paid_at
9001,1001,credit_card,paid,74.97,2026-09-01 10:15:00
9002,1002,paypal,PAID,139.98,2026-09-02 11:20:00
9003,1003,credit_card,refunded,79.99,2026-09-03 12:05:00
9004,1004,debit_card,paid,79.98,2026-09-04 09:40:00
9005,1005,credit_card,paid,64.97,2026-09-05 14:10:00
9006,1006,paypal,REFUNDED,29.97,2026-09-06 16:30:00
9007,1007,credit_card,paid,149.99,2026-09-07 10:00:00
9008,1008,debit_card,PAID,79.98,2026-09-08 13:15:00
9009,1009,paypal,paid,29.98,2026-09-09 15:45:00
9010,1010,credit_card,paid,104.98,2026-09-10 11:05:00
9011,1011,debit_card,refunded,39.99,2026-09-11 12:00:00
9012,1012,credit_card,PAID,109.97,2026-09-12 17:20:00